{
  "accuracy": 0.7185479401440975,
  "macro_precision": 0.664294919229623,
  "macro_recall": 0.6990902843758657,
  "macro_f1": 0.6613767932841144
}