{
  "accuracy": 0.9188989469794938,
  "macro_precision": 0.9552868456731678,
  "macro_recall": 0.9539746436522498,
  "macro_f1": 0.9543326675784656
}