{
  "accuracy": 0.8680029558470349,
  "macro_precision": 0.9175956698416539,
  "macro_recall": 0.9290430611286582,
  "macro_f1": 0.9221054815155629
}