{
  "accuracy": 0.9755555555555555,
  "macro_precision": 0.9756414284847017,
  "macro_recall": 0.9755555555555557,
  "macro_f1": 0.9755247074024871
}