epoch,train_loss,train_accuracy,val_loss,val_accuracy,learning_rate
1,1.7410191259266419,0.2808641975308642,1.355411990483602,0.3527777777777778,0.001
2,1.2318274334624961,0.4765432098765432,0.8331435521443685,0.7361111111111112,0.001
3,0.7377299854784836,0.6691358024691358,0.5146006504694621,0.8138888888888889,0.001
4,0.5156695230507556,0.7447530864197531,0.36539241870244343,0.8694444444444445,0.001
5,0.3597900047346398,0.8567901234567902,0.18396998445192972,0.9805555555555555,0.001
