{
  "accuracy": 0.9266580454461482,
  "macro_precision": 0.9612713664983504,
  "macro_recall": 0.9617963397962972,
  "macro_f1": 0.9613854219427087
}